,Product_code,Brand,Product_name,Price,Rating,number of reveiws,Images
0,B097RKZYGS,ASUS,"ASUS VivoBook 14 (2020), 14-inch (35.56 cms) Full HD, AMD Ryzen 3 3250U, Thin and Light Laptop (4GB RAM/1TB HDD/Integrated Graphics/Windows 10/Slate Grey/1.6 kg), M415DA-EB301T  ","₹31,990",3.9,156,https://m.media-amazon.com/images/I/716bvqzz7PL._AC_UY218_.jpg
1,B08C5W6PL2,HP,"HP Chromebook 14-inch (35.56 cms) Thin & Light Touchscreen Laptop (Celeron N4020/4GB/64GB eMMC + 256GB Expandable Storage/Chrome OS/1.46 kgs Light/ Mineral Silver), 14a-na0003TU  ","₹25,999",3.9,766,https://m.media-amazon.com/images/I/613WULNEr1L._AC_UY218_.jpg
2,B08HJYFZ14,HP,"HP 15 AMD Athlon 15.6"" (39.62cms) HD Laptop (Silver-3050U/4GB/1TB/Win 10/MS Office/Jet Black/1.85kg), 15s-gy0001au  ","₹25,999",3.5,483,https://m.media-amazon.com/images/I/61bkuSlKF4L._AC_UY218_.jpg
3,B08HJZHTM1,HP,"HP 15 Intel Pentium Gold 6405U Processor Entry Level 39.62 cms(15.6-inch) FHD Laptop (4GB/1TB/Win 10/Jet Black/1.74kg), 15s-du1052tu  ","₹25,999",3.4,843,https://m.media-amazon.com/images/I/71FB8qoB78L._AC_UY218_.jpg
4,B0924PSV78,RDP,"RDP ThinBook 1010 - Intel Celeron Quad Core Processor, 4GB RAM, 64GB Storage, Windows 10 Pro, 14.1” HD Screen  ","₹19,990",3.4,258,https://m.media-amazon.com/images/I/51C6EHkMQpS._AC_UY218_.jpg
5,B095JY5B3F,Lenovo,"Lenovo V15 AMD 15.6-inch (39.6 cm) FHD Thin and Light Laptop (AMD Athlon Silver 3050 U/ 4GB RAM/ 1TB HDD/ Windows 10 Home/Integrated AMD Radeon Graphics/ Iron Grey/ 1.85 kg), 82C700J0IH  ","₹31,790",3.4,154,https://m.media-amazon.com/images/I/71vCx6vbdBL._AC_UY218_.jpg
6,B08JCP96XL,Lenovo,"Lenovo IdeaPad Slim 3 AMD Athlon Silver 3050U 15.6"" (39.63cm) HD Thin & Light Laptop (4GB/1TB HDD/Windows 10/AMD Radeon Graphics/Platinum Grey/1.85Kg), 81W100W9IN  ","₹31,790",3.3,74,https://m.media-amazon.com/images/I/61Dw5Z8LzJL._AC_UY218_.jpg
7,B0999BTTKZ,Lenovo,"Lenovo IdeaPad Slim 3 10th Gen Intel Core i3 15.6"" (39.63cm) FHD Thin & Light Laptop (8GB/1TB HDD/Windows 10/MS Office/Intel UHD Graphics/2 Year Warranty/Platinum Grey/1.7Kg), 81WB015GIN  ","₹39,990",4.0,279,https://m.media-amazon.com/images/I/61Dw5Z8LzJL._AC_UY218_.jpg
8,B08JCDHPGF,Lenovo,"Lenovo IdeaPad Slim 3 AMD 3020e 15.6"" (39.63cm) HD Thin & Light Laptop (4GB/1TB HDD/Windows 10/AMD Radeon Graphics/Platinum Grey/1.85Kg), 81W100VFIN  ","₹39,990",3.6,376,https://m.media-amazon.com/images/I/61Dw5Z8LzJL._AC_UY218_.jpg
9,B093VZC5X9,HP,"HP 14 (2021) 11th Gen Intel Core i3 Laptop with Alexa Built-in, 8GB RAM, 256GB SSD, 14-Inch (35.6 cm) FHD Screen, Windows 10, MS Office, (14s- dy2501tu)  ","₹39,999",4.3,694,https://m.media-amazon.com/images/I/71bJqS8ZLTL._AC_UY218_.jpg
10,B098XL1SY5,Mi,Mi Notebook Ultra 3K Resolution Display Intel Core i7-11370H 11th Gen 15.6-inch(39.62 cms) Thin and Light Laptop (16GB/512GB SSD/Iris Xe Graphics/Win 10/MS Office/Backlit KB/Fingerprint Sensor/1.7Kg)  ,"₹76,999",4.3,95,https://m.media-amazon.com/images/I/81RHHnGydgL._AC_UY218_.jpg
11,B0991MJLN2,HP,"HP 14 Ryzen 5 3500U 14-inch(35.6 cm) FHD Thin & Light Laptop(8GB RAM/256GB SSD + 1TB HD/Windows 10/MS Office/Natural Silver/1.47 Kg), 14s-dk0501AU  ","₹44,999",4.4,85,https://m.media-amazon.com/images/I/81w4VMSLLzL._AC_UY218_.jpg
12,B09D3B7NX9,Acer,Acer Aspire 5 Intel Core i3 11th Generation 14-inch (35.56 cms) Thin and Light Laptop - (4 GB/256 GB SSD/Windows 10 Home/Intel UHD Graphics /1.55Kg/Silver) A514-54  ,"₹36,990",4.3,139,https://m.media-amazon.com/images/I/71euQ6eHPYL._AC_UY218_.jpg
13,B097C2JJ1R,Dell,"Dell Inspiron 3501 15.6"" FHD Display Laptop (i5-1135G7 / 8GB / 1TB HDD + 256GB SSD / Integrated Graphics / Win10 + MSO / Backlit KB / Soft Mint Color) D560559WIN9S  ","₹59,290",4.0,39,https://m.media-amazon.com/images/I/61zbf9g+VDS._AC_UY218_.jpg
14,B0983WGJZP,ASUS,"ASUS VivoBook 15 (2020) Intel Core i3-1005G1 10th Gen, 15.6"" (39.62cms) FHD Thin and Light Laptop (8GB/512GB SSD + 32GB Optane Memory/Office 2019/Windows 10/Silver/1.8 Kg), X515JA-EJ362TS  ","₹39,990",4.2,68,https://m.media-amazon.com/images/I/71S8U9VzLTL._AC_UY218_.jpg
15,B0928NL6F3,HP,"HP 14 11th Gen Intel Core i5 Processor 14-inch(35.6 cm) HD Laptop (8GB/512GB SSD/Windows 10/MS Office/Natural Silver/1.46Kg), 14s-dq2535TU  ","₹56,899",4.2,556,https://m.media-amazon.com/images/I/71bJqS8ZLTL._AC_UY218_.jpg
17,B08XY3843B,HP,"HP 15 (2021) Thin & Light 11th Gen Core i3 Laptop, 8 GB RAM, 1TB HDD, M.2 Slot, 15.6-inch (39.62 cms) FHD Screen, Windows 10, MS Office, (15s-dy3001TU)  ","₹39,999",3.9,1114,https://m.media-amazon.com/images/I/81Ne5qKmE8L._AC_UY218_.jpg
18,B08XNYH4LX,HP,"HP 15 11th Gen Intel Core i3 Processor 15.6"" (39.62cms) FHD Laptop (8GB/512GB SSD/Win 10/MS Offce/Integrated Graphics/Natural Silver/1.69 Kg), 15s-fr2006TU  ","₹44,999",4.2,1014,https://m.media-amazon.com/images/I/71uOkXZyteL._AC_UY218_.jpg
19,B09CMMMV11,HP,"HP Chromebook x360 14-inch (35.56 cms) Thin & Light Touchscreen Laptop (AMD 3015CE/4GB/64GB eMMC Storage/Chrome OS/Forest Teal/1.49 kg), 14a-cb0005AU  ","₹30,990",4.2,6,https://m.media-amazon.com/images/I/81hoonPUdxL._AC_UY218_.jpg
20,B095BYNN8Z,Acer,"Acer Extensa 15 Thin & Light Laptop Intel Processor Pentium Silver N5030 15.6 inch (35.56 cms) (4GB RAM/1TB HDD/Windows 10/Integrated Graphic Card/Black/1.9 Kg),EX215-31  ","₹29,990",3.7,266,https://m.media-amazon.com/images/I/816U-xDHnKS._AC_UY218_.jpg
21,B094Y8L2G9,ASUS,"ASUS Celeron Dual Core - (4 GB/1 TB HDD/Windows 10 Home) X515MA-BR004T Thin and Light Laptop (15.6 inch/39.6 cm, Transparent Silver, 1.80 Kg  ","₹29,990",3.4,152,https://m.media-amazon.com/images/I/41CkeQXMMQL._AC_UY218_.jpg
22,B08XMLV2HK,HP,"HP Pavilion 11th Gen Intel Core i5 Processor 14"" (35.56cms) FHD Laptop with Alexa Built-in (16GB/512GB SSD/Win 10/MS Office/2GB NVIDIA MX450 Graphics/Natural Silver/1.41 Kg), 14-dv0084TX  ","₹71,990",4.3,461,https://m.media-amazon.com/images/I/71hmqIQJFdL._AC_UY218_.jpg
23,B09F3VKNWB,HP,"(Renewed) HP ProBook 640 G1 14-inch Laptop (Core i5 4th Gen/8GB Ram (Upgradable to 16Gb )/500gb Hdd /Windows 10 Pro/ 4 GB Intel HD Graphics,Wifi, Webcam) ( 6 Months Onsite Warranty )  ","₹28,999",5.0,1,https://m.media-amazon.com/images/I/61Oa2SVfjWL._AC_UY218_.jpg
24,B097SZMNQH,Dell,"Dell Inspiron 3501 15.6"" FHD Display Laptop (i3-1115G4 / 4GB / 256GB SSD / Integrated Graphics / Win10 + MSO / Accent Black) D560492WIN9BE  ","₹41,586",3.7,39,https://m.media-amazon.com/images/I/51jPUwqQTFL._AC_UY218_.jpg
25,B08S4NF565,ASUS,"ASUS VivoBook 14 (2020), Intel Core i3-1005G1 10th Gen, 14-Inch (35.56 cms) FHD Thin and Light Laptop (4GB RAM/1TB HDD/Windows 10/Integrated/Slate Grey/1.6 kg), X415JA-EK104T  ","₹33,990",3.6,516,https://m.media-amazon.com/images/I/716bvqzz7PL._AC_UY218_.jpg
26,B08YRFDN62,AVITA,"AVITA Essential Refresh NE14A2INC44A-MW 14-inch/35.56 cm(Intel Celeron-N4020/4GB/256GB SSD/Windows 10 Home/FHD/Integrated Graphics), Matt White  ","₹24,399",3.3,41,https://m.media-amazon.com/images/I/51Y8qwwe94S._AC_UY218_.jpg
27,B095YWBXFH,Lenovo,"Lenovo V15 AMD 15.6-inch (39.6 cm) FHD Thin and Light Laptop (AMD Athlon Gold 3150U/ 4GB RAM/ 1TB HDD/ Windows 10 Home/Integrated AMD Radeon Graphics/ Iron Grey), 82C700JEIH  ","₹31,340",3.2,64,https://m.media-amazon.com/images/I/71iISjw6lrS._AC_UY218_.jpg
28,B08TBVBKN5,HP,"HP Notebook PC 245 G7 14"" (35.56cms) Laptop ATHLON-3050U/4GB/1TB/Windows 10 Home/ 1 Year Warranty (21Z04PA)  ","₹31,340",3.5,136,https://m.media-amazon.com/images/I/61M2uHOa9vL._AC_UY218_.jpg
29,B08YR723GM,AVITA,"AVITA Essential Refresh NE14A2INC43A-CR 14-inch/35.56 cm(Intel Celeron-N4020/4GB/128GB SSD/Windows 10 Home/FHD/Integrated Graphics), Concrete Grey  ","₹31,340",4.0,318,https://m.media-amazon.com/images/I/61NsZ6UrfPL._AC_UY218_.jpg
30,B09CCXBCX3,ASUS,"ASUS VivoBook 15 (2020) 15.6-inch (39.62 cms) FHD, Intel Core i3-10110U 10th Gen, Thin and Light Laptop (4GB/1TB HDD/Office 2019/Windows 10/Integrated Graphics/Silver/1.9 Kg), X509FA-EJ311TS  ","₹35,990",3.5,3,https://m.media-amazon.com/images/I/81bRmH5QmqL._AC_UY218_.jpg
31,B08DDYYZ3G,AVITA,"AVITA Essential NE14A2INC433-CR 14"" (35.56cms)Laptop (Celeron N4000/4GB/128GB SSD/Window 10 Home in S Mode/Integrated Graphics), Concrete Grey  ","₹37,990",3.9,1155,https://m.media-amazon.com/images/I/61NsZ6UrfPL._AC_UY218_.jpg
32,B097SZ3FXB,Dell,"Dell Vostro 3401 14"" FHD Display Laptop (i3-1005G1 / 8GB / 256GB SSD / Integrated Graphics / Win10 + MSO Black) D552181WIN9BE  ","₹42,120",4.1,7,https://m.media-amazon.com/images/I/51IsQHLroNL._AC_UY218_.jpg
33,B09DMT6V7G,Lenovo,"Lenovo Ideapad Slim 3 10th Gen Intel Core i3 15.6"" (39.62cm) FHD Thin & Light Laptop (8GB/256 GB SSD/UHD Graphics/Windows 10/MS Office/Platinum Grey/1.7Kg), 81WB012DIN  ","₹39,990",4.1,46,https://m.media-amazon.com/images/I/61Dw5Z8LzJL._AC_UY218_.jpg
34,B097SYQL3M,Dell,"Dell 14 (2021) i3-1125G4 2in1 Touch Screen Laptop, 8Gb RAM, 256Gb SSD, 14” (35.56 cms) FHD Display, Win 10 + MSO, Backlit KB + FPR, Silver Color (Inspiron 5410, D560563WIN9S)  ","₹46,999",3.8,127,https://m.media-amazon.com/images/I/71hFNVZKcoS._AC_UY218_.jpg
35,B09BJYRRZ2,Lenovo,Lenovo V14 AMD Ryzen 3 3250U 14.1-inch HD Laptop (8GB/1TB/Windows 10/AMD Radeon Graphics/Grey/1.85Kg)  ,"₹35,999",3.1,12,https://m.media-amazon.com/images/I/51fxSsdY1KL._AC_UY218_.jpg
36,B08T6SJ215,HP,"HP 15 (2021) Thin & Light Ryzen 3-3250 Laptop, 8 GB RAM, 1TB HDD, 39.62 cms (15.6"") FHD Screen, Windows 10, MS Office (15s-gr0011AU)  ","₹36,999",3.9,1673,https://m.media-amazon.com/images/I/71SMr4ZGf1L._AC_UY218_.jpg
37,B08T6THSMQ,HP,"HP 15 (2021) Thin & Light Ryzen 3-3250 Laptop, 8 GB RAM, 1TB HDD + 256GB SSD, 15.6"" (39.2 cms) FHD Screen, Windows 10, MS Office (15s-gr0012AU)  ","₹40,999",4.2,1679,https://m.media-amazon.com/images/I/71SMr4ZGf1L._AC_UY218_.jpg
38,B097SZHHLC,Dell,"Dell Vostro 3400 14"" FHD Display Laptop (i3-1115G4 / 8GB / 256GB SSD / Integrated Graphics / Win10 + MSO / Black) D552190WIN9BE  ","₹40,990",4.3,9,https://m.media-amazon.com/images/I/51IsQHLroNL._AC_UY218_.jpg
41,B0999B6MT3,Lenovo,"Lenovo IdeaPad Slim 3 10th Gen Intel Core i3 15.6"" (39.63cm) FHD Thin & Light Laptop (8GB/1TB HDD/Windows 10/MS Office/Intel UHD Graphics/2 Year Warranty/Platinum Grey/1.7Kg), 81WB015JIN  ","₹39,990",3.9,554,https://m.media-amazon.com/images/I/61Dw5Z8LzJL._AC_UY218_.jpg
42,B095KPHGYQ,Lenovo,"Lenovo IdeaPad Slim 3 (2021)| 11th Gen Intel Core i3 |14""FHD IPS Thin and Light Laptop|4side narrow bezel (8GB/512GB SSD/Win10/Office 2019/Backlit KB/Fingerprint Reader/Arctic Grey/1.41Kg), 82H700K7IN  ","₹45,990",4.2,125,https://m.media-amazon.com/images/I/61XJ6xrICAL._AC_UY218_.jpg
43,B08CZ2KNS4,HP,"HP Pavilion Gaming 15.6-inch(39.62 cms) FHD Gaming Laptop (Ryzen 5-4600H/8GB/1TB HDD/M.2 Slot/Windows 10/NVIDIA GTX 1650 4GB/Shadow Black), 15-ec1024AX  ","₹60,990",4.0,569,https://m.media-amazon.com/images/I/71FeUtw+TPL._AC_UY218_.jpg
44,B091B6K2ZM,Fujitsu,"(Renewed) Fujitsu Intel Core i5 3340M 15.6-Inch (39.62 cms) 1366 X 768 Laptop (4 GB/320 GB HDD/Windows/Intel HD Graphics/Black/2.40 Kg), A573  ","₹23,990",3.9,195,https://m.media-amazon.com/images/I/61J5eB-TdyL._AC_UY218_.jpg
45,B083SNGBLF,HP,"HP 15 Thin & Light Ryzen 3-3250 Laptop, 4 GB RAM, 1TB HDD, 38.1 cms (15"") FHD Screen, Windows 10, MS Office (15s-gr0006au)  ","₹23,990",3.3,703,https://m.media-amazon.com/images/I/719F8WdfBzL._AC_UY218_.jpg
46,B08X4P6V2M,Dell,Dell Vostro 3401 14 inch (35.5 cm) FHD Display Laptop (11th Gen i3-1115G4 / 8GB / 1TB HDD / Integrated Graphics / Win 10 + MSO / Accent Black) D552175WIN9BE  ,"₹43,726",3.8,294,https://m.media-amazon.com/images/I/8147cwFm2PL._AC_UY218_.jpg
47,B08PQR77JB,ASUS,"ASUS VivoBook Ultra 15 (2020) Intel Core i3-1115G4 11th Gen, 15.6-inch (39.62 cms) FHD T&L Laptop (8GB RAM/256GB NVMe SSD/Windows 10/Office 2019/Integrated Graphics/Star Black/1.8 Kg), X513EA-BQ312TS  ","₹43,990",4.3,197,https://m.media-amazon.com/images/I/612rSZsXxyL._AC_UY218_.jpg
49,B08R777GBL,Dell,"Dell 14 (2021) Thin & Light i3-1005G1 Laptop, 4Gb RAM, 1TB HDD + 256GB SSD, 14” (35.56 Cms) FHD AG Display, Win 10 + MSO, Black (Vostro 3401, D552151WIN9BE)  ","₹44,595",4.2,292,https://m.media-amazon.com/images/I/8147cwFm2PL._AC_UY218_.jpg
50,B08C5WSTR6,HP,"HP Chromebook x360 Intel Celeron N4020 Processor 12-inch (30.48 cms) Touchscreen Laptop (4GB/64GB eMMC Storage/Chrome OS/Natural Silver), 12b-ca0010TU  ","₹33,330",4.1,360,https://m.media-amazon.com/images/I/71WDdKKrkEL._AC_UY218_.jpg
52,B08SML9W2R,Dell,"(Renewed) Dell Intel Core i3 4005U 14-Inch (35.56 cms) HD (1366 X 768) Pixels Laptop (4 GB/128 GB SSD/Windows 10 Pro/Intel/Grey/1.75 Kg), 3340-i3-4-128  ","₹28,990",4.1,124,https://m.media-amazon.com/images/I/510KHEHCmxL._AC_UY218_.jpg
55,B096SB3YGV,Lenovo,"(Renewed) Lenovo ThinkCenter 17 inch (43.18 cm) All in One Desktop Set ( Intel i3 2120/ 4 GB/ 500 GB HDD /17"" HD Monitor+ Keyboard+Mouse+ HD Webcam+Mic+Speakers+Wifi)/Windows 10 Pro/MS Office  ","₹16,999",4.0,1,https://m.media-amazon.com/images/I/81lYamugJRL._AC_UY218_.jpg
56,B092QWM5ZJ,HP,"HP 250 G8 Core i5 11th Gen - (8 GB/1 TB HDD/Windows 10) 250 G8 Intel Core i5 Business Laptop (15.6 inch, Black Grey, 1.78 kg)  ","₹54,237",4.5,2,https://m.media-amazon.com/images/I/31tn0g4C1SS._AC_UY218_.jpg
57,B08XBZBFCQ,HP,"HP Pavilion (2021) 11th Gen Core i5 Laptop, 16 GB RAM, 2GB NVIDIA Graphics, 512GB SSD, 15.6""(39.62cms) FHD Screen, Windows 10, MS Office, Finger Print Reader, Alexa Built-in (15-eg0103TX)  ","₹79,000",4.3,251,https://m.media-amazon.com/images/I/51sbPFGXFqL._AC_UY218_.jpg
58,B095S8HPMY,Dell,Dell Inspiron 7415 14 inch FHD Touch Display 2in1 Laptop (R5 5500U / 8GB / 512GB SSD / Integrated Graphics / Win 10 + MSO / Backlit KB + FPR + Active Pen /Pebble Metal Color) D560470WIN9P  ,"₹69,990",4.1,77,https://m.media-amazon.com/images/I/514FlU4YKBS._AC_UY218_.jpg
60,B0999C7769,Lenovo,"Lenovo IdeaPad Slim 3 10th Gen Intel Core i3 15.6"" (39.63cm) FHD Thin & Light Laptop (4GB/256GB SSD/Windows 10/MS Office/Intel UHD Graphics/2 Year Warranty/Platinum Grey/1.7Kg), 81WB0158IN  ","₹37,440",4.0,460,https://m.media-amazon.com/images/I/61Dw5Z8LzJL._AC_UY218_.jpg
61,B09C8Y45XH,Dell,"(Renewed) Dell Latitude 6520 Core i5 2nd Gen | 4Gb Ram | 320 Gb Hdd | 15.6"" True View Led Screen| Numeric Keypad | Wifi | Webcam | Windows 10 | Charger  ","₹23,999",1.6,5,https://m.media-amazon.com/images/I/61AaS1ZfOWL._AC_UY218_.jpg
62,B08CDV49P2,ASUS,"ASUS VivoBook Flip 14 (2020), Intel Core i3-1115G4 11th Gen, 14"" FHD Touch Thin and Light 2-in-1 Laptop (8GB RAM/256GB SSD/Office 2019/Windows 10/Integrated Graphics/Silver/1.5 Kg), TP470EA-EC301TS  ","₹52,480",4.7,28,https://m.media-amazon.com/images/I/717iUvkXm9L._AC_UY218_.jpg
63,B08RXZCXH6,Dell,"Dell Vostro 3400 14"" (35.56 cms) FHD Anti Glare Display Laptop (11th Gen i5-1135G7 / 8GB / 1TB / Integrated Graphics / Win 10 + MS Office / Black/ 1.58Kg) D552154WIN9BE  ","₹52,990",3.4,134,https://m.media-amazon.com/images/I/8147cwFm2PL._AC_UY218_.jpg
64,B08B9X82C6,Dell,Dell Latitude 3510 Intel Core i3-10110U /4GB/1TB/UBUNTU/15.6 INCH Screen/1 Year Warranty  ,"₹40,929",3.5,30,https://m.media-amazon.com/images/I/71CYNhZZfAL._AC_UY218_.jpg
65,B095JZLDSF,HP,"HP 14 (2021) Thin & Light 11th Gen Core i3 Laptop, 8GB RAM, 256GB SSD, Intel UHD Graphics, 14-inch (35.56 cms) HD Screen, Windows 10, MS Office, Alexa Built-in (14s-dq2100TU)  ","₹41,990",3.4,1312,https://m.media-amazon.com/images/I/71CiYVzgJsL._AC_UY218_.jpg
66,B08DHZS1XQ,Lenovo,Lenovo 82C7A006IH V15 ADA Laptop (AMD Athlon Silver 3050U/4GB Ram/ 1TB HDD/ 15.6 inch HD AG/ Windows-10/Integrated AMD Radeon Graphics/ Iron Grey)  ,"₹30,800",3.3,145,https://m.media-amazon.com/images/I/51RSK3t7tsL._AC_UY218_.jpg
67,B099X41XHY,Dell,"Dell Inspiron 3505 15.6"" FHD AG Display Laptop (R3-3250U/ 8GB DDR4/ 256GB SSD/ Win 10 + MS Office/ Radeon Graphics/ Soft Mint Color) D560486WIN9S  ","₹39,990",3.4,17,https://m.media-amazon.com/images/I/51UZShSOtFL._AC_UY218_.jpg
68,B09999TTV3,Lenovo,"Lenovo IdeaPad Slim 3 2021 11th Gen Intel Core i5 15.6 FHD Thin & Light Laptop (8GB/512GB SSD/Windows 10/MS Office/Backlit Keyboard/2 Year Warranty/Arctic Grey/1.65Kg), 82H801CWIN  ","₹56,990",4.0,448,https://m.media-amazon.com/images/I/61q6x-ll5FL._AC_UY218_.jpg
69,B095YC5VH4,HP,"HP 15 (2021) Thin & Light 10th Gen Intel Core i3 Laptop, 8GB RAM, 512GB SSD, 39.62 cms (15.6"") FHD Screen, Windows 10, MS Office, Jet Black (15s-du1516TU)  ","₹42,990",3.9,31,https://m.media-amazon.com/images/I/81Ne5qKmE8L._AC_UY218_.jpg
70,B09DY8BGSY,HP,"HP Pavilion Gaming 10th Gen Intel Core i5 15.6-inch (39.6 cms) FHD Gaming Laptop (8GB/256GB SSD + 1TB HDD/144Hz/GTX 1650Ti 4GB Graphics/Windows 10/MS Office/2.28 kg), 15-dk1514TX  ","₹69,990",4.3,85,https://m.media-amazon.com/images/I/611VHOvjkES._AC_UY218_.jpg
71,B08S3MGDS3,HP,"HP 15 11th Gen Intel Core i3 Processor 15.6"" (39.62cms) FHD Laptop with Alexa Built-in(i3-1115G4/8GB/1TB HDD/M.2 Slot/Win 10/MS Office/Natural Silver/1.76 Kg), 15s-du3038TU  ","₹42,490",3.5,365,https://m.media-amazon.com/images/I/81pG0gZywML._AC_UY218_.jpg
72,B08N5XSG8Z,2020,"2020 Apple MacBook Air (13.3-inch/33.78 cm, Apple M1 chip with 8‑core CPU and 7‑core GPU, 8GB RAM, 256GB SSD) - Gold  ","₹88,490",4.7,972,https://m.media-amazon.com/images/I/71vFKBpKakL._AC_UY218_.jpg
73,B096SKD3V7,Lenovo,"Lenovo IdeaPad Slim 3 2021 Intel Core i5 11th Gen 14"" (35.56cm) FHD IPS Thin & Light Laptop (8GB/512GB SSD/Windows 10/MS Office/Backlit/Fingerprint Reader/2 Yr Warranty/Arctic Grey/1.41kg), 82H700KTIN  ","₹59,990",4.3,216,https://m.media-amazon.com/images/I/61XJ6xrICAL._AC_UY218_.jpg
75,B07NV1WJ3P,HP,"HP EliteBook 840 G2, Intel Core i5-5300U up to 2.3 GHz, 8GB RAM, 500 GB SATA Laptop Computer Windows 10 Pro (Renewed)  ","₹33,000",4.1,224,https://m.media-amazon.com/images/I/61hAoYBw8vL._AC_UY218_.jpg
76,B08CJ1513V,HP,"HP Pavilion Gaming 15.6"" (39.62cms) FHD Gaming Laptop (Ryzen 5-3550H/8GB/1TB HDD/Windows 10/NVIDIA GTX 1650 4GB/Shadow Black), 15-ec0101AX  ","₹54,990",3.7,21,https://m.media-amazon.com/images/I/71VlaIUD10L._AC_UY218_.jpg
79,B097T1WN1Y,Dell,"Dell Vostro 3400 14"" FHD Display Laptop (i5-1135G7 / 8GB / 1TB HDD + 256GB SSD / Integrated Graphics / Win10 + MSO / Black) D552186WIN9BE  ","₹57,990",3.0,4,https://m.media-amazon.com/images/I/51IsQHLroNL._AC_UY218_.jpg
81,B08PV3L6WR,Lenovo,"Lenovo IdeaPad Slim 3 10th Gen Intel Core i5 15.6"" (39.62cms) Full HD IPS Thin and Light Laptop (8GB/512GB SSD/Windows 10/MS Office 2019/Fingerprint Reader/Platinum Grey/1.85Kg), 81WE018TIN  ","₹39,990",4.3,216,https://m.media-amazon.com/images/I/61Dw5Z8LzJL._AC_UY218_.jpg
82,B0897MV47X,Lenovo,"Lenovo V15 AMD RYZEN 3 3250U 15.6-inch (39.62 cm) HD Laptop (4GB/1TB/Windows 10/Grey/1.85Kg) ,82C7001YIH  ","₹34,990",2.7,44,https://m.media-amazon.com/images/I/61U0JQ6HnHL._AC_UY218_.jpg
83,B092JLRFS5,HP,"HP 15 Ryzen 5 4500U Processor 15.6-inch(39.6 cm) FHD Laptop (8GB/256GB/Windows 10/MS Office/Natural Silver/1.69Kg), 15s-ey1004AU  ","₹47,494",3.6,6,https://m.media-amazon.com/images/I/81SdJG3OUjL._AC_UY218_.jpg
84,B09DCSJFBJ,ASUS,ASUS VivoBook15-X515EA-BQ312TS-Intel Core i3-1115G4 (8GB RAM/256 GB NVMe SSD/Win10+McAfee/Ms Office H&S 2019/15.6-inch FHD IPS/FP Reader/1.75 kg/Silver/1 Yr. Warranty)  ,"₹40,590",3.0,2,https://m.media-amazon.com/images/I/61KeA6Ah33L._AC_UY218_.jpg
86,B098F4SGHR,ASUS,"ASUS VivoBook 14 (2020), Intel Core i3-1005G1 10th Gen, 14-inch (35.56 cm) FHD, Thin and Light Laptop (4GB/256GB SSD/Office 2019/Windows 10/Integrated Graphics/Silver/1.6 Kg), X415JA-EB312TS  ","₹36,990",4.1,40,https://m.media-amazon.com/images/I/71WuDXpTAlL._AC_UY218_.jpg
87,B089DFJHZ8,Mi,Mi Notebook Horizon Edition 14 Intel Core i7-10510U 10th Gen Thin and Light Laptop(8GB/512GB SSD/Windows 10/Nvidia MX350 2GB Graphics/Grey/1.35Kg)(Without Webcam) XMA1904-AF  ,"₹57,490",4.2,844,https://m.media-amazon.com/images/I/713he67k8HL._AC_UY218_.jpg
88,B09B3Z23L8,Hp,"(Renewed) Hp Elitebook 745 G2 Laptop (AMD A10 Pro 8Gb Ram 500Gb Hdd 14.1"" Led Screen AMD R6 Graphics Windows 10 Pro)  ","₹25,999",1.0,2,https://m.media-amazon.com/images/I/31+PLPrt6RL._AC_UY218_.jpg
89,B08YR9DDVZ,AVITA,"AVITA Essential Refresh NE14A2INC44A-MB 14-inch/35.56 cm(Intel Celeron-N4020/4GB/256GB SSD/Windows 10 Home/FHD/Integrated Graphics),Matt Black  ","₹27,999",3.7,82,https://m.media-amazon.com/images/I/61YdFkoR9dL._AC_UY218_.jpg
90,B096W27N4K,ASUS,"ASUS VivoBook 14 (2020), 14.0-inch (35.56 cms) FHD Intel Core i5-1035G1 10th Gen, Laptop (8GB/1TB HDD + 256GB SSD/Office 2019/Windows 10/2GB NVIDIA MX130 Graphics/Silver/1.6 kg), X415JF-EB522TS  ","₹55,990",4.6,7,https://m.media-amazon.com/images/I/71WuDXpTAlL._AC_UY218_.jpg
91,B095YC11CF,HP,"HP 15 10th Gen Intel Core i3 Thin & Light 15.6-Inch (39.62 cms) FHD Laptop (8GB/1TB HDD/M.2 Slot/Windows 10/MS Office/Jet Black), 15s-du1066TU  ","₹40,990",4.2,733,https://m.media-amazon.com/images/I/81Ne5qKmE8L._AC_UY218_.jpg
93,B08CRMTKMK,ASUS,"ASUS TUF Gaming F15 Laptop 15.6"" (39.62 cms) FHD 144Hz, Intel Core i5-10300H 10th Gen, GeForce GTX 1650 4GB GDDR6 Graphics (8GB RAM/512GB NVMe SSD/Windows 10/Fortress Gray/2.30 Kg), FX566LH-HN257T  ","₹61,990",4.4,783,https://m.media-amazon.com/images/I/914o5xV1+8L._AC_UY218_.jpg
95,B09BCSPX7X,Lenovo,"Lenovo IdeaPad Slim 3 2021 11th Gen Intel Core i5 15.6"" (39.62cm) FHD Thin & Light Laptop (8GB/256GB SSD/Windows 10/MS Office/Backlit Keyboard/2 Year Warranty/Arctic Grey/1.65Kg), 82H80156IN  ","₹54,990",3.6,7,https://m.media-amazon.com/images/I/61q6x-ll5FL._AC_UY218_.jpg
99,B09BCRJQB4,Lenovo,"Lenovo IdeaPad Slim 3 2021 11th Gen Intel Core i3 15.6"" (39.62cm) FHD Thin & Light Laptop (8GB/512GB SSD/Windows 10/MS Office/2 Year Warranty/Arctic Grey/1.65Kg), 82H800U5IN  ","₹44,490",4.1,497,https://m.media-amazon.com/images/I/61q6x-ll5FL._AC_UY218_.jpg
100,B09C5XN8X7,Lenovo,"Lenovo IdeaPad Slim 3 2021 11th Gen Intel Core i3 15.6"" (39.62cm) FHD IPS Thin & Light Laptop (8GB/512GB SSD/Windows 10/MS Office/2 Year Warranty/Arctic Grey/1.65Kg), 82H801FKIN  ","₹45,490",4.5,2,https://m.media-amazon.com/images/I/61q6x-ll5FL._AC_UY218_.jpg
102,B097SZ1DPQ,Dell,"Dell 14 (2021) i3-1125G4 2in1 Touch Screen Laptop, 8Gb RAM, 512Gb SSD, 14” (35.56 cms) FHD Display, Win 10 + MSO, Backlit KB + FPR + Active Pen, Silver Metal Color (Inspiron 5410, D560531WIN9S)  ","₹56,999",4.0,47,https://m.media-amazon.com/images/I/618nCW+Qk+S._AC_UY218_.jpg
103,B095SQM9KM,Lenovo,"Lenovo ThinkPad E15 (2021) Intel Core i5 11th Gen 15.6-inch (39.62 cm) FHD Thin and Light Laptop (16GB RAM/512GB SSD/Windows 10/MS Office/Fingerprint Reader/Black/Aluminium Surface/1.7 kg), 20TDS0G300  ","₹78,990",4.5,20,https://m.media-amazon.com/images/I/71TuueY7JDS._AC_UY218_.jpg
104,B094Y5YJ1P,Dell,"Dell Inspiron 3501 15.6"" FHD Display Laptop (i3-1005G1/ 8GB/ 1TB/ Win 10 + MSO/ Integrated Graphics/ Accent Black) D560420WIN9B  ","₹41,990",4.1,5,https://m.media-amazon.com/images/I/61Ly7UXBSTS._AC_UY218_.jpg
105,B09F3W3YT3,Dell,"(Renewed) Dell LATITUDE E7440 14-inch Touch Laptop (Core i5 4th Gen/8GB Ram (Upgradable to 16Gb )/500gb Hdd /Windows 10 Pro/ 4 GB Intel HD Graphics,Wifi, Webcam), ( 6 Months Onsite Warranty )  ","₹31,997",4.0,1,https://m.media-amazon.com/images/I/31TMBp0B8jL._AC_UY218_.jpg
109,B098P62W63,ASUS,"ASUS TUF Gaming F15, 15.6-inch (39.62 cms) FHD 144Hz, Intel Core i5-10300H 10th Gen, GTX 1650 Ti GDDR6 4GB Graphics, Gaming Laptop (8GB RAM/512GB SSD/Windows 10/Fortress Gray/2.3 Kg), FX566LI-HN272T  ","₹63,990",4.4,783,https://m.media-amazon.com/images/I/914o5xV1+8L._AC_UY218_.jpg
111,B07K1K6CYW,Dell,"Dell Latitiude 3340 13.3inch Laptop, Core i3-4005U 1.7GHz, 4GB RAM, 128GB Solid State Drive, Windows 10 Professional (Renewed)  ","₹28,990",4.0,50,https://m.media-amazon.com/images/I/51BUvYOD5nL._AC_UY218_.jpg
112,B0928TPR8H,HP,"HP 14 Ryzen 5 5500U 14-inch(35.6 cm) FHD Laptop with Alexa Built-in(8GB/512GB SSD/Windows 10/MS Office/Natural Silver/1.46Kg), 14s-fq1030AU  ","₹51,990",4.4,410,https://m.media-amazon.com/images/I/712lajO8VaL._AC_UY218_.jpg
113,B097SZTNJ3,Dell,"Dell 15 (2021) i5-1135G7 Laptop,8Gb RAM,1TB HDD + 256Gb SSD,15.6” (39.62 cms) FHD Display, Win 10 + MS Office,Nvidia 2GB MX350 Graphics,Backlit KB, Platinum Silver Color (Inspiron 3511, D560505WIN9S)  ","₹67,489",3.6,26,https://m.media-amazon.com/images/I/612whSmr1ML._AC_UY218_.jpg
114,B098NNGNVC,HP,"HP Pavilion Aero Ultra Thin & Light 13.3-inch(33.8 cm) WUXGA Laptop (Ryzen 5-5600U/16GB RAM/512GB SSD/Windows 10/MS Office/Natural Silver/0.97 Kg), 13-be0030AU  ","₹76,990",3.8,8,https://m.media-amazon.com/images/I/717N5vLyAtS._AC_UY218_.jpg
115,B07NVLR8T5,Dell,Dell XPS 12 - Touch Screen UHD - (Core m7-6Y75/8GB/512 SSD/Win 10/Integrated Graphics)  ,"₹49,990",2.4,3,https://m.media-amazon.com/images/I/41nbVAlWFuL._AC_UY218_.jpg
116,B0972R7ZK2,Lenovo,"Lenovo V15 AMD 15.6-inch FHD Thin and Light Laptop (AMD Athlon Gold 3150U/ 4GB RAM/ 1TB HDD/ Dos /Integrated AMD Radeon Graphics/ Iron Grey), 82C700JCIH  ","₹29,990",3.3,14,https://m.media-amazon.com/images/I/411oQKL9dUS._AC_UY218_.jpg
117,B0928T6QM3,HP,"HP 15 11th Gen Intel Core i5 Processor 15.6-inch(39.6 cm) FHD Laptop with Alexa Built-in(8GB/512GB SSD/Windows 10/2GB MX350 Graphics/Natural Silver/1.75Kg), 15s-dr3500TX  ","₹64,990",4.2,154,https://m.media-amazon.com/images/I/81pG0gZywML._AC_UY218_.jpg
118,B091KJHJT3,Lenovo,"Lenovo V15-ADA AMD RYZEN 3 3250U 15.6-inch HD Laptop (4GB/1TB/Windows 10/Iron Grey),82C700H3IH  ","₹34,990",3.5,43,https://m.media-amazon.com/images/I/51jLW8T47US._AC_UY218_.jpg
119,B098QB1TPX,Victus,"Victus by HP Ryzen 5 5600H 16.1-inch(40.9 cm) FHD Gaming Laptop (8GB RAM/512GB SSD/4GB GTX 1650 Graphics/Flicker Free Display/Windows 10/MS Office/Mica Silver/2.48 Kg), 16-e0075AX  ","₹68,990",4.2,111,https://m.media-amazon.com/images/I/713aQxv9KHS._AC_UY218_.jpg
120,B096SL21J8,Acer,Acer Aspire 3 core i5 11th Generation Processor 15.6-inch (39.6 cm) Full HD Thin and Light Laptop - (8 GB/1 TB HDD/Windows 10 Home/Intel Iris Xe Graphic/Microsoft Office 2019/1.7Kg/Silver) A315-58  ,"₹54,990",3.3,12,https://m.media-amazon.com/images/I/41LHkg5LbRS._AC_UY218_.jpg
121,B099VZ7493,HP,"HP 15 Ryzen 3 5300U 15.6-inch(39.6 cm) FHD Thin & Light Laptop (8GB RAM/512GB SSD/Windows 10/MS Office/Natural Silver/1.69 Kg), 15s-eq2042AU  ","₹54,990",4.3,75,https://m.media-amazon.com/images/I/81SdJG3OUjL._AC_UY218_.jpg
122,B08CXSLPTZ,Lenovo,"Lenovo V14 AMD RYZEN 3 3250U 14"" (35.56cms) HD Laptop (4GB/1TB/Dos/Iron Grey/1.85Kg) 82C6000KIH  ","₹31,990",3.5,46,https://m.media-amazon.com/images/I/51ZE3adhGVL._AC_UY218_.jpg
123,B095KP1TJM,Lenovo,"Lenovo IdeaPad Slim 5 11th Gen Intel Core i5 14"" (35.56cm) FHD IPS Thin & Light Laptop (8GB/512GB SSD/Windows 10/MS Office/Backlit Keyboard/Fingerprint Reader/Graphite Grey/1.39Kg), 82FE00QLIN  ","₹62,700",4.3,118,https://m.media-amazon.com/images/I/6177wJ0CIrL._AC_UY218_.jpg
124,B09CD3L6CQ,ASUS,"ASUS VivoBook Ultra K14 Intel Core i5-1135G7 14-inch FHD IPS Thin&Light Laptop(16GB RAM/512GB NVMe SSD/Win. 10/MSOffice H&S 2019/1 Yr.McAfee/Intel Iris Xe Graphics/Black/1 Yr./1.4 kg),K413EA-EB522TS  ","₹65,500",4.0,1,https://m.media-amazon.com/images/I/31ZrkdilbyL._AC_UY218_.jpg
125,B08XNZD56X,HP,"HP 15 11th Gen Intel Core i5 Processor 15.6-inch (39.6 cm) FHD Laptop (8GB/512GB SSD +32GB Intel Optane/Win 10/MS Office/Jet Black/1.69 Kg), 15s-fq2071TU  ","₹56,175",4.1,57,https://m.media-amazon.com/images/I/71fvR6NCIFL._AC_UY218_.jpg
126,B097T1JNQS,Dell,"Dell Vostro 3400 14"" FHD Display Laptop (i5-1135G7 / 8GB / 512GB SSD / Integrated Graphics / Win10 + MSO / Black) D552184WIN9BE  ","₹57,990",3.8,98,https://m.media-amazon.com/images/I/51IsQHLroNL._AC_UY218_.jpg
127,B08HJJKDSH,Lenovo,"Lenovo V15 AMD Ryzen 5 15.6""(39.62cms) FHD Thin and Light Laptop (8GB/1TB HDD/Windows 10/AMD Radeon Vega 8 Graphics/Iron Grey/1.85Kg), 82C7003PIH  ","₹45,499",3.6,235,https://m.media-amazon.com/images/I/61U0JQ6HnHL._AC_UY218_.jpg
129,B07WX1ZJ6W,Dell,"Dell Latitude 3340 13.3"" Laptop, Intel Core i3, 4GB RAM, 500GB HDD, Win10 Home (Renewed)  ","₹27,990",4.0,285,https://m.media-amazon.com/images/I/71btHXLvmYS._AC_UY218_.jpg
130,B09BF6S7RX,ASUS,"ASUS VivoBook 14 (2021), Intel Core i3-1115G4 11th Gen, 14-Inch (35.56 cms) FHD Thin and Light Laptop (8GB RAM/256GB SSD/Office 2019/Windows 10/Integrated/Silver/1.6 kg), X415EA-EK342TS  ","₹41,990",4.0,8,https://m.media-amazon.com/images/I/71WuDXpTAlL._AC_UY218_.jpg
131,B08TX1NHB8,Dell,"(Renewed) Dell Intel Core i3 4005U 13.3-Inch (33.78 cms) HD (1366 X 768) Pixels Laptop (4 GB/256 GB SSD/Windows 10 Pro/Intel/Grey/1.75 Kg), 3340-i3-4-256  ","₹28,990",4.0,1,https://m.media-amazon.com/images/I/51v9dYlc6EL._AC_UY218_.jpg
132,B0928SZKL1,HP,"HP 14(2021) 5th Gen Ryzen 3 5300U 14-inch(35.6 cm) FHD Laptop with Alexa Built-in(8GB/512GB SSD/Windows 10/MS Office/Natural Silver/1.46Kg), 14s-fq1029AU  ","₹28,990",4.4,421,https://m.media-amazon.com/images/I/712lajO8VaL._AC_UY218_.jpg
133,B08HRMHZ8J,Life,"Life Digital Laptop 15.6-inch (39.62 cms) (Intel Core i7, 4GB RAM, 256GB SSD, Windows 10), ZED AIR CX7  ","₹34,507",3.5,38,https://m.media-amazon.com/images/I/719GtLJlWuS._AC_UY218_.jpg
134,B071X5CVWP,Dell,"(Renewed) Dell Latitude E5440 14 Inch (35.56 cms) Laptop ( Intel Core i5 4th Gen, 8GB, 128 SSD, Windows 10 Pro, Intel HD Graphics 3000, Dark Gray, 1.90 Kg)  ","₹32,829",3.9,166,https://m.media-amazon.com/images/I/61CiAWisMAS._AC_UY218_.jpg
135,B094X1SYN8,Asus,"Asus Vivobook M515DA-BQ512TS Laptop (AMD Quad Core Ryzen 5 3500u/8 GB/512 GB SSD/15.6"" FHD/Windows 10  ","₹46,669",4.2,14,https://m.media-amazon.com/images/I/61FWW+q2zqS._AC_UY218_.jpg
137,B08R7Z63PB,Acer,"Acer Aspire 7 Ryzen 5 Quad Core 3550H - (8 GB/512 GB SSD/Windows 10 Home/4 GB Graphics/NVIDIA Geforce GTX 1650/60 Hz) A715-41G-R6S8 Gaming Laptop (15.6 inch, Charcoal Black, 2.15 kg)  ","₹54,990",4.8,9,https://m.media-amazon.com/images/I/412928ggONL._AC_UY218_.jpg
139,B08MB4PXCW,Dell,"Dell Inspiron 3501 15.6-inch FHD Laptop (10th Gen Core i3/8GB/1TB HDD/Windows 10 + MS Office 2019/Intel HD Graphics/1.83 kg), Silver  ","₹44,385",3.6,112,https://m.media-amazon.com/images/I/51CYuZNUcoL._AC_UY218_.jpg
141,B08JQLJS7D,Lenovo,"(Renewed) Lenovo Thinkpad L450 14 inch Laptop (Core I5 5th Gen/8GB/500 GB/Windows 10 Pro/MS Office/Anti Glare Display/Webcam/Bluetooth/Wifi/Integrated Graphics), Black  ","₹29,800",3.4,6,https://m.media-amazon.com/images/I/51VEObNzzCL._AC_UY218_.jpg
142,B098DSF15C,Acer,Acer Aspire 5 Thin & Light 11th Gen Core i5 Laptop (8 GB RAM/1 TB HDD/Windows 10/Intel Iris Xe Graphics/Backlit Keyboard/1.65Kg/Silver)- 15.6-inch(39.6 cms) FHD Screen A515-56  ,"₹49,990",2.8,9,https://m.media-amazon.com/images/I/71WbatK7HVL._AC_UY218_.jpg
144,B091TWZF2Y,HP,HP 255 G8 Laptop 3K1G7PA (AMD Ryzen 5-3500U/ 8GB Ram/ 1TB HDD/15.6 inch/39.6 cm HD/DOS/AMD Radeon Vega 8 Graphics/ Dark Ash Silver/1.74Kg)  ,"₹43,210",3.7,19,https://m.media-amazon.com/images/I/71wPIewwjHL._AC_UY218_.jpg
145,B088CFBQFN,Acer,"Acer Aspire 3 Intel Core i3-10th Gen 15.6 - inch (39.62 cms) 1920 x 1080 Thin and Light Laptop (4GB Ram/1TB HDD/Window 10/Integrated Graphics/Shale Black/1.9 kgs), A315-56  ","₹37,990",3.1,568,https://m.media-amazon.com/images/I/81YUWJOwMDL._AC_UY218_.jpg
146,B08KQGQYRC,HP,"HP 245 G7 Commercial Laptop (Ryzen 5, 8GB RAM, 1TB HDD, Windows 10, Radeon Vega 8 Graphics), 2D5X7PA - for Small and Medium Business  ","₹39,990",3.8,146,https://m.media-amazon.com/images/I/71IOoLyNAaL._AC_UY218_.jpg
147,B08ZJ2HFQ2,ASUS,ASUS VivoBook14 AMD Quad Core Ryzen 5-3500U(8GB RAM/1 TB HDD/Win.10+MS Office H&S 2019+McAfee/Integrated Vega 8 Graphics/14.1-inch FHD IPS /FP Reader/1.5 kg/Silver/1 Yr. Warranty)M415DA-EB502TS  ,"₹53,696",3.5,16,https://m.media-amazon.com/images/I/71syBZwMj3L._AC_UY218_.jpg
148,B099F6BLDC,AVITA,"AVITA LIBER V NS14A8INF542-CS Thin and Light 14 inch (35.56cm) Laptop( Intel Core i5-10210U/ 8GB/256GB SSD /Win 10 Home/ Backlit Keyboard/ Fingerprint Sensor/ MSO 365) 1.28kg, Cloud Silver  ","₹45,557",3.5,29,https://m.media-amazon.com/images/I/51KCv2E6vES._AC_UY218_.jpg
149,B097SZZ4TV,Dell,"Dell Inspiron 3505 15.6"" FHD Display Laptop (Ryzen 3 -3250U / 4GB / 1TB HDD + 256GB SSD / Integrated Graphics / Win10 + MS Office / Accent Black) D560361WIN9B  ","₹40,999",2.7,6,https://m.media-amazon.com/images/I/51MKXqHKBQL._AC_UY218_.jpg
150,B09CCW5XVM,ASUS,"ASUS TUF Gaming A15 (2021) 15.6-inch (39.62 cms) FHD 144Hz, AMD Ryzen 7 4800H, RTX 3050 4GB Graphics, Gaming Laptop (8GB/512GB SSD/Windows 10/Black/2.3 Kg), FA506IC-HN005T  ","₹71,999",4.4,74,https://m.media-amazon.com/images/I/91zVSkGGZbS._AC_UY218_.jpg
151,B08VRSHJKL,Dell,"Dell Inspiron 3501 15.6-inch FHD Laptop (11th Gen Core i5-1135G7/8GB/1TB + 256GB SSD/Windows 10 + MS Office 2019/Backlit KB), Soft Mint  ","₹61,950",3.4,51,https://m.media-amazon.com/images/I/51CYuZNUcoL._AC_UY218_.jpg
152,B08PZ3VRCS,ASUS,"ASUS VivoBook S S15 (2021), 15.6-inch (39.62 cms) FHD Intel Core i7-1165G7 11th Gen, Thin and Light Laptop (8GB/512GB SSD/Office 2019/Windows 10/2GB NVIDIA MX350 Graphics/Silver/1.8 kg) S532EQ-BQ702TS  ","₹84,690",4.3,4,https://m.media-amazon.com/images/I/7187ePvwFfL._AC_UY218_.jpg
153,B095224LRK,Life,"(Renewed) Life Digital Laptop 15.6-inch (39.62 cms) (Intel Core i7, 8GB RAM, 512GB SSD, Windows 10), ZED AIR CX7  ","₹34,990",2.0,2,https://m.media-amazon.com/images/I/51hpnVfeyaS._AC_UY218_.jpg
155,B094XBL1B1,Lenovo,"Lenovo IdeaPad Gaming 3 AMD Ryzen 7 4800H 15.6"" (39.63cm) FHD IPS Gaming Laptop (16GB/512GB SSD/Windows 10/NVIDIA GTX 1650 4GB/120Hz Refresh Display/Onyx Black/2.2Kg), 82EY00V1IN  ","₹54,990",4.5,104,https://m.media-amazon.com/images/I/61TlKHyOHLL._AC_UY218_.jpg
156,B098P1K6W9,Fujitsu,"Fujitsu UH-X 11th Gen Intel Core i5 13.3” (33.78cm) FHD IPS 400Nits Thin and Light Laptop (8GB/512GB SSD/Win10/Office/Iris Xe Graphics/Backlit Kb/ Fingerprint Reader/Black/878gms), 4ZR1D67595  ","₹74,990",3.8,11,https://m.media-amazon.com/images/I/91MVVK14sEL._AC_UY218_.jpg
157,B08X4P5TVN,Dell,"Dell Vostro 3405 14"" (35.56 cms) FHD Display Laptop (Ryzen 5 -3500U / 8GB / 512GB SSD / Integrated Graphics / Win 10 + MS Office / Dune Color) D552166WIN9DE  ","₹50,660",4.1,141,https://m.media-amazon.com/images/I/51CEknIIHcL._AC_UY218_.jpg
158,B08CGJ5K3V,HP,"HP Pavilion Gaming 10th Gen Intel Core i5 Processor 16.1"" (40.9 cms) FHD Gaming Laptop (8GB/1TB HDD + 256GB SSD/Windows 10/MS Office/NVIDIA GTX 1650 4GB/Shadow Black), 16-a0022TX  ","₹83,885",4.2,88,https://m.media-amazon.com/images/I/71FHcGAPevL._AC_UY218_.jpg
159,B08MQ67ZX3,Dell,Dell Inspiron 3501 15.6 inch(39.6 cm) FHD Anti Glare Display Laptop ( i3-1005G1 / 4GB / 256 SSD / Integrated Graphics / 1 Yr NBD / Win 10 + MSO / Accent Black) D560397WIN9BE  ,"₹39,890",4.4,62,https://m.media-amazon.com/images/I/51jPUwqQTFL._AC_UY218_.jpg
160,B095JW3CCX,Lenovo,"Lenovo V15 AMD 15.6-inch FHD Thin and Light Laptop (AMD Athlon Silver 3050 U/ 4GB RAM/ 1TB HDD/ DOS /Integrated AMD Radeon Graphics/ Iron Grey/ 1.85 kg), 82C700HXIH  ","₹39,890",3.8,24,https://m.media-amazon.com/images/I/411HK-wMOES._AC_UY218_.jpg
161,B08PKSL9NL,HP,"(Renewed) HP Chromebook Intel Celeron 14-Inch (35.56 cms) 1366 x 768 (HD Ready) Laptop (4 GB/64 GB SSD/Chrome OS/Intel UHD Graphics 600/Ceremic White/1.46 Kg), 14a-na0002TU  ","₹22,392",3.6,7,https://m.media-amazon.com/images/I/619ZuPBNXQL._AC_UY218_.jpg
162,B096G1V3RC,HP,"HP 250 G8 Laptop (11th Gen Intel Core i3-1115G4/8GB DDR4 Ram / 512GB SSD/Windows 10/15.6 inch HD/Intel UHD Graphics) 42V68PA (Dark Ash Silver, 1.74 kg)  ","₹45,300",4.3,51,https://m.media-amazon.com/images/I/71S+S-vt1MS._AC_UY218_.jpg
164,B092MTLNBB,Lenovo,"Lenovo IdeaPad L340 9th Gen Intel Core i5-9300HF 15.6"" (39.63cm) FHD IPS Gaming Laptop (8GB/1TB HDD/Windows 10/NVIDIA GTX 1050 3GB/Granite Black/2.19Kg), 81LK01QTIN  ","₹58,999",4.0,263,https://m.media-amazon.com/images/I/81oeSUav6lL._AC_UY218_.jpg
165,B08CHWNVNH,HP,"HP 14 10th Gen Intel Core i3 Processor 14"" (35.56cms) FHD Laptop (4GB/1TB HDD/Windows 10 Home/MS Office/Natural Silver/1.47Kg), 14s-cf3006tu  ","₹43,290",3.4,290,https://m.media-amazon.com/images/I/71t9reLNFrL._AC_UY218_.jpg
166,B08XNYN5QV,HP,"HP 15 (2021) Thin & Light 11th Gen Core i5 Laptop, 8 GB RAM, 512GB SSD, 15.6-inch (39.62 cms) FHD Screen, Windows 10, MS Office, Built-in Alexa (15s-fq2535TU)  ","₹43,290",4.2,1528,https://m.media-amazon.com/images/I/71uOkXZyteL._AC_UY218_.jpg
167,B09BJ7GD7B,Lenovo,"Lenovo IdeaPad Gaming 3 11th Gen Intel Core i7-11370H 15.6"" (39.63cm) FHD IPS Gaming Laptop (8GB/512GB SSD/Windows 10/NVIDIA RTX 3050 4GB/120Hz Refresh Display/Shadow Black/2.25Kg), 82K1004EIN  ","₹87,702",4.8,4,https://m.media-amazon.com/images/I/71--IQUHVwL._AC_UY218_.jpg
168,B08X4NB38M,Dell,"Dell Inspiron 3501 15.6"" (39.62 cms) FHD AG Display Laptop (i3-1005G1 / 8GB / 1TB / Integrated Graphics / Win 10 + MSO / Softmint) D560421WIN9S  ","₹44,990",4.0,136,https://m.media-amazon.com/images/I/51kt5RdEkXL._AC_UY218_.jpg
169,B086XRYW2S,Lenovo,"Lenovo V15 Intel Core i3 8th Gen 15-inch HD Thin and Light Laptop (4GB RAM/ 1TB HDD/ Windows 10 Home/ Grey/ 1.85 kg), 81YD001MIH  ","₹38,990",3.4,62,https://m.media-amazon.com/images/I/81KPX1bxKrL._AC_UY218_.jpg
170,B08QCKPLZX,Dell,Dell Inspiron 3501 15-inch (38.1 cm) FHD Laptop (11th Gen i5-1135G7/8GB/1TB HDD/256GB SSD/Win 10 + MS Office/2GB Graphics/Soft Mint)  ,"₹66,500",4.1,149,https://m.media-amazon.com/images/I/61kwF967nJL._AC_UY218_.jpg
171,B096SHTH39,Lenovo,"Lenovo IdeaPad Slim 3 2021 Intel Core i3 11th Gen 14"" (35.56cm) FHD IPS Thin & Light Laptop (8GB/256GB SSD/Windows 10/MS Office/Backlit/Fingerprint Reader/2 Yr Warranty/Arctic Grey/1.41kg), 82H700J8IN  ","₹43,990",4.3,104,https://m.media-amazon.com/images/I/61XJ6xrICAL._AC_UY218_.jpg
172,B091N715Q8,Dell,"Dell Inspiron 3501 15.6-inch FHD Laptop (11th Gen Core i5-1135G7/8GB/256GB SSD + 1TB HDD/Windows 10 + MS Office 2019), Soft Mint  ","₹63,300",4.5,6,https://m.media-amazon.com/images/I/51x4N8lvoVL._AC_UY218_.jpg
173,B08KY7QQ7H,Dell,Dell Inspiron 3505 15.6-inch FHD Laptop (Ryzen 3 3250U/8GB/256GB SSD+1TB HDD/Windows 10/MS Office 2019/AMD Radeon Vega Graphics) Platinum Silver  ,"₹46,990",4.1,112,https://m.media-amazon.com/images/I/51CYuZNUcoL._AC_UY218_.jpg
174,B08P8JCWM2,HP,"HP 15 (2021) Thin & Light 11th Gen Core i5 Laptop, Iris Xe Graphics, 8 GB RAM, 1TB SSD, 15"" (38.1 cms) FHD Screen, Windows 10, MS Office, Alexa Built-in (15s-fr2005tu)  ","₹74,000",4.3,143,https://m.media-amazon.com/images/I/81SdJG3OUjL._AC_UY218_.jpg
175,B0979M3Z9W,Lenovo,"Lenovo V15 (2021) Intel Core i3 10th Gen 15.6"" FHD Thin and Light Laptop (4GB RAM/ 1TB HDD/ Windows 10 Home/ Iron Grey/ 1.85 kg), 82C500XWIH  ","₹38,981",3.0,23,https://m.media-amazon.com/images/I/71G2ma3U0rS._AC_UY218_.jpg
176,B09CDGQ4GS,ASUS,"ASUS Vivobook X509FA-BQ321T i3-10110U//8G/1T/TRANSPERANT SILVER/15.6"" FHD v_IPS/1Y International Warranty + McAfee//Finger Print/  ","₹38,990",5.0,1,https://m.media-amazon.com/images/I/41+vkIxf6aL._AC_UY218_.jpg
177,B094HXWPTH,HP,"(Renewed) HP 15 (2021) Thin & Light Ryzen 3-3250 Laptop, 8 GB RAM, 1TB HDD + 256GB SSD, 15"" (38.1 cms) FHD Screen, Windows 10, MS Office (15s-gr0012AU)  ","₹38,990",5.0,1,https://m.media-amazon.com/images/I/41ReDqQSebL._AC_UY218_.jpg
178,B097PMDLWG,ASUS,"ASUS Vivobook 17 M712UA-AU521TS Ryzen 5 Hexa Core 5th Gen Thin and Light R5-5500U/16G/512 PCIe SSD/Transparent SILVER/17.3""FHD/1Y International Warranty/Office H&S+MACAFEE/Backlit KB  ","₹61,800",4.8,6,https://m.media-amazon.com/images/I/41fKAAtoRkS._AC_UY218_.jpg
179,B0979FNWGM,HP,"HP 15 (2021) Thin & Light Ryzen 7 4700U Processor, 8GB RAM, 512GB SSD, Radeon Graphics, 15.6-inch (39.6 cms) FHD Screen, Windows 10, MS Office, Natural Silver(15s-er1007AU)  ","₹64,499",4.5,2,https://m.media-amazon.com/images/I/61HIqJZKPkS._AC_UY218_.jpg
180,B098P4M233,Fujitsu,"Fujitsu UH-X 11th Gen Intel Core i7 13.3” (33.78cm) FHD IPS 400Nits 2-in1 Touch Convertible Laptop (16GB/1TB SSD/Win10/Office/Iris Xe Graphics/Backlit Kb/Black/997gms), 4ZR1D71993  ","₹1,07,990",4.1,22,https://m.media-amazon.com/images/I/71umlOrdukL._AC_UY218_.jpg
181,B097Y23NGB,HP,"(Renewed) HP 14 (2021) Thin & Light 11th Gen Intel Core i3 Laptop with Alexa Built-in, 8GB RAM, 512GB SSD, 14-inch FHD Screen, Windows 10, MS Office (14s-dr2015TU)  ","₹42,490",3.5,2,https://m.media-amazon.com/images/I/61yX6GXYnjS._AC_UY218_.jpg
184,B07GCL6J69,Lenovo,"(Renewed) Lenovo Thinkpad Intel Core i5 14-Inch (35.56 cms) 1366x768 Laptop (8 GB/500 GB/Windows 10/Intel HD Graphics/Black/2.20 Kg), T440  ","₹29,799",3.6,108,https://m.media-amazon.com/images/I/513G-9tBVKL._AC_UY218_.jpg
185,B09FPBZQDL,MSI,"MSI Modern 14 Core i5 11th Gen - (8 GB/512 GB SSD/Windows 10 Home) Modern 14 B11MO-093IN Thin and Light Laptop (14 inch, Carbon Gray, 1.3 Kg)  ","₹58,990",5.0,1,https://m.media-amazon.com/images/I/31LdyGvVyAL._AC_UY218_.jpg
186,B088CDKJ7V,Acer,"Acer Aspire 3 A315-23 15.6-inch (39.6 cm) Laptop (AMD Ryzen 5-3500U/8GB/512GB SSD/Window 10, Home, 64Bit/AMD Radeon Vega 8 Mobile Graphics), Silver  ","₹47,479",4.0,285,https://m.media-amazon.com/images/I/610oaBCr+XL._AC_UY218_.jpg
187,B08ZN6KNP1,HP,"HP Pavilion Gaming 10th Gen Intel Core i5 Processor 15.6-inch (39.6 cm) FHD Gaming Laptop (8GB/512GB SSD + 32GB Intel Optane/Windows 10/NVIDIA 1650Ti 4GB/Shadow Black), 15-dk1508TX  ","₹69,890",4.3,85,https://m.media-amazon.com/images/I/611VHOvjkES._AC_UY218_.jpg
188,B09DGDW4Y1,HP,"HP Pavilion 15 Ryzen 5 15.6-inch (39.6 cms) Thin & Light FHD Laptop (16GB/512GB SSD/Windows 10/MS Office/Fingerprint Reader/Natural Silver/1.75 kg), 15-eh1103AU  ","₹65,990",5.0,1,https://m.media-amazon.com/images/I/71SoiUdxmCL._AC_UY218_.jpg
189,B08L28CF3G,HP,"(Renewed) HP Pavilion x360 Touchscreen 2-in-1 FHD 14-inch Laptop (10th Gen Core i3-10110U/8GB/512GB SSD/Win 10/MS Office/Mineral Silver/1.58 kg), 14-dh1178tu  ","₹47,990",3.4,8,https://m.media-amazon.com/images/I/61-UFkxvNiL._AC_UY218_.jpg
190,B08DFB8SMH,Acer,"Acer Swift 3 SF313-52 13.5-inch (34.29 cms) Laptop (10th Gen Intel Core i5-1035G4 processor/8GB/512GB SSD/Window 10 Home 64Bit/Integrated Graphics), Silver  ","₹55,990",3.3,18,https://m.media-amazon.com/images/I/81X6Nf5rAhL._AC_UY218_.jpg
191,B09C8RD7BM,ASUS,"ASUS VivoBook 14 Intel Core i3-10110U 10th Gen 14-inch FHD Compact and Light Laptop (4GB RAM/1TB HDD/Windows 10/Integrated Graphics/Slate Grey/1.60 kg), X409FA-EK617T  ","₹34,590",3.1,4,https://m.media-amazon.com/images/I/71+cBm-j0TL._AC_UY218_.jpg
192,B09B7Z9M85,LG,"LG Gram 16 Ultra-Light 11th Gen Core i5,8 GB RAM, 512 GB SSD, Win-10, Iris Xe Graphics, 16-inches (40.64 cms), Thunderbolt 4, USC -C x 2 (with Power), 1.19 kg, 3 Yr Warranty (16Z90P-G.AJ55A2, Black)  ","₹99,492",4.5,83,https://m.media-amazon.com/images/I/51IsmTVIDEL._AC_UY218_.jpg
193,B08G5M5WTG,Lenovo,"Lenovo IdeaPad Slim 3 AMD 3020e 15.6"" (39.63cm) HD Thin & Light Laptop (4GB/1TB HDD/Windows 10/AMD Radeon Graphics/2 Year Warranty/Platinum Grey/1.85Kg), 81W100HHIN  ","₹99,492",3.4,60,https://m.media-amazon.com/images/I/61Dw5Z8LzJL._AC_UY218_.jpg
194,B092DDHZCM,TravisLappy,TravisLappy Laptop On Off Power Button Switch Flex Cable Switch Button Cable Board for HP 15-G 15-R 250 256 G3 G4 G5 LS-A991P  ,"₹1,198",5.0,1,https://m.media-amazon.com/images/I/41tqcaCbSfL._AC_UY218_.jpg
195,B08HPY2N4W,Dell,"Dell Inspiron 3505 15"" (38.1 cms) FHD AG Laptop (Ryzen-3 3250U / 4 GB / 1TB+256 SSD / Vega Graphics / Win 10 + MSO / Soft Mint Color) D560338WIN9S  ","₹43,450",4.2,158,https://m.media-amazon.com/images/I/51Z3fkxm85L._AC_UY218_.jpg
196,B094Q8F8K4,HP,"(Renewed) HP Elitebook Laptop 640G1 Intel Core i5 - 4300M Processor, 8 GB Ram & 512 GB SSD, Win10, 14.1 inches, Optical Drive Notebook Computer  ","₹34,990",3.3,6,https://m.media-amazon.com/images/I/41SC4m7YBPS._AC_UY218_.jpg
197,B095YKN3YN,HP,"(Renewed) HP 15 11th Gen Intel Core i5 Processor 15.6-inch(39.6 cm) FHD Laptop with Alexa Built-in(8GB/512GB SSD/Windows 10/2GB MX350 Graphics/Natural Silver/1.75Kg), 15s-dr3500TX  ","₹58,990",2.0,1,https://m.media-amazon.com/images/I/51HmlTJSHvS._AC_UY218_.jpg
198,B08X4PJG61,Dell,"Dell Inspiron 3505 15.6"" FHD AG Display Laptop (Ryzen-7 3700U / 8GB / 512 SSD / Vega Graphics / Win 10 + MSO/ Soft Mint) D560332WIN9S  ","₹61,500",3.9,18,https://m.media-amazon.com/images/I/51TACuT6SNL._AC_UY218_.jpg
199,B0987S6PG1,ASUS,"ASUS TUF Gaming F17 (2021), 17.3-inch (43.94 cms) FHD 144Hz, Intel Core i7-11800H 11th Gen, GeForce RTX 3050 Ti 4GB Graphics, Gaming Laptop (16GB/1TB SSD/Windows 10/Eclipse Gray/2.6 Kg) FX766HE-HX022T  ","₹1,13,990",5.0,2,https://m.media-amazon.com/images/I/81URizOYflL._AC_UY218_.jpg
200,B08LSCMTFS,Dell,"Dell Inspiron 5502 15.6"" (39.62cms) FHD Laptop (11thGen Core i5-1135G7/8GB RAM/512GB SSD/2GB MX330 Graphics/Windows 10 + MS Office Laptop),Platinum Silver  ","₹69,985",3.9,53,https://m.media-amazon.com/images/I/71WJc4NrDyL._AC_UY218_.jpg
201,B08SRDW9ZT,HP,"HP Pavilion x360 (2021) 14"" (35.56cms) FHD Touchscreen Laptop, 11th Gen Core i3, 8 GB RAM, 256GB SSD, 2-in-1 Convertible, Windows 10, MS Office, Finger Print Reader (14-dw1036TU)  ","₹53,990",4.3,333,https://m.media-amazon.com/images/I/61EQwsTKioL._AC_UY218_.jpg
202,B096SKGTCG,Lenovo,"Lenovo IdeaPad Gaming 3 AMD Ryzen 5 4600H 15.6 inch(39.6 cm) Full HD 120 Hz IPS Gaming Laptop (16GB/512GB SSD/Windows 10/NVIDIA GTX 1650 4GB GDDR6 Graphics/Onyx Black/2.2Kg), 82EY00U4IN  ","₹53,990",4.4,181,https://m.media-amazon.com/images/I/61TlKHyOHLL._AC_UY218_.jpg
203,B091FH823X,HP,"HP Pavilion Gaming 10th Gen Intel Core i5 Processor 15.6-inch FHD Gaming Laptop (16GB/512GB SSD + 32GB Intel Optane/144 Hz/Win10/NVIDIA GTX 1650 4GB/Shadow Black), 15-dk1146TX  ","₹74,900",3.8,11,https://m.media-amazon.com/images/I/71X15bNTv4L._AC_UY218_.jpg
207,B098F4MWDG,ASUS,"ASUS VivoBook Ultra 15 (2020), AMD Ryzen 7 4700U, 15.6-inch (39.62 cm) FHD, Thin and Light Laptop (8GB/1TB HDD + 256GB SSD/Office 2019/Windows 10/Integrated Graphics/Black/1.8 Kg), M513IA-BQ712TS  ","₹62,990",4.7,4,https://m.media-amazon.com/images/I/71hUzQ35oRL._AC_UY218_.jpg
208,B096KVJ5PC,ASUS,"ASUS TUF Dash F15 (2021), 15.6-inch (39.62 cms) FHD 144Hz, Intel Core i7-11370H 11th Gen, RTX 3050 4GB Graphics Gaming Laptop (16GB RAM/512GB SSD/Windows 10/Gray/2 kg), FX516PC-HN063T  ","₹87,990",2.9,10,https://m.media-amazon.com/images/I/81stVUZ+WuL._AC_UY218_.jpg
209,B09BF65Z1V,ASUS,"ASUS VivoBook 14 (2021), Intel Core i5-1135G7 11th Gen, 14-Inch (35.56 cms) FHD Thin and Light Laptop (8GB RAM/1TB HDD + 256GB SSD/Office 2019/Windows 10/Integrated/Silver/1.6 kg), X415EA-EB572TS  ","₹57,964",4.6,3,https://m.media-amazon.com/images/I/71WuDXpTAlL._AC_UY218_.jpg
210,B08B27DWM1,AVITA,"AVITA LIBER V14 NS14A8INF562-UR 14-inch Laptop (Core i5-10210U/8GB/512GB SSD/FHD/Windows 10 Home/Intel UHD Graphics 620/MS Office 365/ 1.25KG), Urban Ruby  ","₹59,000",4.0,534,https://m.media-amazon.com/images/I/516IpGQDTAL._AC_UY218_.jpg
211,B09B2DH1PD,Acer,"Acer Nitro 5 Intel Core i7-11th Gen 15.6-inch (39.62 cms) 144 Hz Refresh Rate Gaming Laptop (8GB RAM/RTX 3050 Graphics/1TB HDD + 256GB SSD/Windows 10 HS/Black/2.4 Kgs), AN515-57  ","₹89,999",4.5,3,https://m.media-amazon.com/images/I/71evs2WKJjS._AC_UY218_.jpg
213,B07XJNBZ9S,DELL,"DELL Inspiron 5584 15.6"" (39.62cms) Laptop (8th Gen Core i5-8265U/8GB/1TB HDD + 512GB SSD/Windows 10 Home/2GB Nvidia Graphics), Silver  ","₹65,500",3.8,43,https://m.media-amazon.com/images/I/418NWVICZgL._AC_UY218_.jpg
214,B094XF92HG,Lenovo,"Lenovo IdeaPad Gaming 3 Intel Core i5 10th Gen 15.6-inch (39.6 cm) FHD 120Hz IPS Gaming Laptop (8GB/512 SSD/Windows 10/NVIDIA GTX 1650 4GB GDDR6/Onyx Black/2.2Kg), 81Y4017UIN  ","₹62,056",4.2,201,https://m.media-amazon.com/images/I/61fpo-87DyL._AC_UY218_.jpg
215,B098NNR5XH,HP,"HP Envy x360 4th Gen Ryzen 7 4700U 13.3-inch(33.8 cm) FHD Convertible Touchscreen Laptop (16GB RAM/512GB SSD/1000 Nits/Windows 10/MS Office/Finger Print Reader/1.3 Kg), 13-ay0508AU  ","₹98,990",5.0,2,https://m.media-amazon.com/images/I/61nTgrUV+jL._AC_UY218_.jpg
216,B08BSGG6V9,Lenovo,"Lenovo Ideapad Gaming 3 Intel Core i5 10th Gen 15.6 inch FHD Gaming Laptop (8GB/1TB+256GB SSD/Windows 10/MS Office 2019/NVIDIA GTX 1650 4GB Graphics/Onyx Black/2.2Kg), 81Y400E1IN  ","₹63,990",3.8,5,https://m.media-amazon.com/images/I/61fpo-87DyL._AC_UY218_.jpg
217,B08LVPL2XK,HP,"HP 14"" FHD IPS Micro-Edge WLED-Backlit Laptop, Intel 4-Core Pentium Silver N5000, 4GB DDR4, 64GB eMMC, WiFi, Bluetooth, Webcam, USB-C, HDMI, Windows 10 S, Office 365 Personal 1-Year, ABYS Mouse Pad  ","₹51,831",5.0,2,https://m.media-amazon.com/images/I/81Epdw3Bi3L._AC_UY218_.jpg
218,B0829VV8HC,Newest,"Newest HP 15.6"" HD Touchscreen Premium Business Laptop | 10th Gen Intel Dual-Core i3-1005G1 Upto 3.4GHz | 8GB RAM | 128GB SSD | WiFi | HDMI | Bluetooth | Webcam | Windows 10  ","₹74,533",5.0,1,https://m.media-amazon.com/images/I/515tCraTyRL._AC_UY218_.jpg
219,B093Q3R1VV,HP,"HP 15(2021) 5th Gen Ryzen 5 5500U Laptop with Alexa Built-in, 8GB RAM, 512GB SSD, 15.6-Inch(39.6 cm) FHD Screen, Windows 10, MS Office, (15s-eq2040au)  ","₹56,490",4.2,193,https://m.media-amazon.com/images/I/81SdJG3OUjL._AC_UY218_.jpg
220,B07YZLMFY4,Acer,"Acer Aspire 3 Core i5 8th Gen - (8 GB/1 TB HDD/Windows 10 Home/2 GB Graphics MX 130) A315-53G-5968 Laptop (15.6 inch, Obsidian Black, 2.1 kg)  ","₹49,999",3.7,11,https://m.media-amazon.com/images/I/51FHPbFUBiL._AC_UY218_.jpg
221,B08SX5XVBK,Microsoft,"Microsoft Surface Laptop Go 10th Gen Intel Core i5-1035G1 12.4"" Touchscreen Laptop (8GB/128GB SSD/Windows 10 Home in S Mode/Intel UHD Graphics/Platinum/1.110 kg,25% Off on Microsoft 365), THH-00023  ","₹69,990",4.3,51,https://m.media-amazon.com/images/I/718ETwvLVOL._AC_UY218_.jpg
222,B08PQPRD69,HP,"HP 15 Thin & Light 15.6""(39.62cms) FHD Laptop (11th Gen Intel Core i5-1135G7, 8GB DDR4, 1TB HDD, Windows 10 Home, MS Office, Integrated Graphics, FPR, Natural Silver, 1.76 Kg), 15s-du3032TU  ","₹57,490",3.9,496,https://m.media-amazon.com/images/I/81pG0gZywML._AC_UY218_.jpg
223,B08XYKGB7X,Acer,"Acer Aspire 7 Ryzen 5 Quad Core 3550H - (8 GB/512 GB SSD/Windows 10 Home/4 GB Graphics/NVIDIA GeForce GTX 1650 Ti) A715-41G-R7YZ Gaming Laptop (15.6 inch, Charcoal Black, 2.15 kg)  ","₹56,990",4.6,13,https://m.media-amazon.com/images/I/418WSiz8uzL._AC_UY218_.jpg
224,B09B2YTM4M,Lenovo,"Lenovo Legion 5 Pro AMD Ryzen 7 5800H 16""(40.64cm) QHD IPS 500Nits Gaming Laptop(16GB/1TB SSD/Win10/Office/RTX 3060 6GB,max TGP 130W/165Hz/3 Yr Warranty/Grey/2.45Kg), 82JQ0062IN +Xbox Game Pass for PC  ","₹1,42,990",4.3,62,https://m.media-amazon.com/images/I/71glTO3lJNL._AC_UY218_.jpg
225,B09BNQTFM2,Hitachi,"(Renewed) Hitachi Flora Laptop SE210 AMD E1-2100 Processor, 8 GB Ram & 256 GB SSD, Win 10 Lite, 13.3 Inches (No Webcam) Ultralight 1.2Kg Notebook Computer  ","₹18,990",4.0,1,https://m.media-amazon.com/images/I/41a9yTtFUxL._AC_UY218_.jpg
226,B0919L52ZJ,Dell,"Dell Inspiron 3505 15.6"" FHD Display Laptop (R5-3500U / 8GB / 512GB SSD / Vega Graphics / Win 10 + MSO / Soft Mint Color) D560436WIN9S  ","₹50,999",4.0,2,https://m.media-amazon.com/images/I/51TACuT6SNL._AC_UY218_.jpg
228,B08Y6XG7K1,Dell,"Dell Inspiron 3501 15.6-inch (39.6 cm) FHD Laptop (11th Gen Core i5-1135G7/8GB/1TB HDD/Windows 10 + MS Office 2019), Soft Mint  ","₹45,499",3.9,48,https://m.media-amazon.com/images/I/51x4N8lvoVL._AC_UY218_.jpg
229,B097TZMG7R,Lenovo,"Lenovo IdeaPad Gaming 3 Intel Core i7 10th Gen 15.6"" FHD IPS 250Nits Gaming Laptop (8GB/512GB SSD/Win10/NVIDIA GTX 1650 4GB GDDR6 Graphics/120Hz/Onyx Black/2.2Kg), 81Y4019EIN  ","₹73,990",4.4,68,https://m.media-amazon.com/images/I/61fpo-87DyL._AC_UY218_.jpg
230,B09839P9XB,HP,"HP Pavilion 13(2021) 11th Gen Intel Core i7 Laptop, 16GB RAM, 1TB SSD, 13.3-inch(33.8 cm) FHD Screen, Win 10, MS Office, Ceramic White, 1.24 Kg (13-bb0078TU)  ","₹91,990",5.0,6,https://m.media-amazon.com/images/I/71PwU27MbUL._AC_UY218_.jpg
231,B08BXZF8PS,Lenovo,"Lenovo V14 Intel Core i3 10th Gen 14-inch HD Thin and Light Laptop (4GB RAM/ 1TB HDD/ Windows 10 Professional/ Grey/ 1.6 kg), 82C4016TIH  ","₹43,500",3.9,104,https://m.media-amazon.com/images/I/71iyJJMr-NL._AC_UY218_.jpg
233,B08ZXR8ZRP,HP,HP 240 G8 3D0J1PA CORE I3-1005G1/4GB RAM/1TB HDD/DOS/NO ODD/14 Inch Laptop  ,"₹40,440",3.7,6,https://m.media-amazon.com/images/I/81Myq8nb2cL._AC_UY218_.jpg
234,B08WLYZVSF,Asus,"Asus Vivobook X515MA-EJ101T PQC-N5030//4G/1T/TRANSPARENT SILVER/WIN10/15.6"" FHD/1Y International Warranty  ","₹39,990",3.4,33,https://m.media-amazon.com/images/I/41M0socmbKL._AC_UY218_.jpg
235,B08HHB9Q2M,HP,"HP 14 10th Gen Core i3 14"" (35.56cms) Laptop with 4G (LTE), 8GB RAM, 1TB HDD, 14"" (35.56cms) FHD Screen, Windows 10, MS Office(14s-er0004TU)  ","₹49,200",3.8,155,https://m.media-amazon.com/images/I/71lMJxLkIqL._AC_UY218_.jpg
236,B096SK39ZB,Lenovo,"Lenovo IdeaPad Gaming 3 Intel Core i5 10th Gen |15.6 inch(39.6 cm) Full HD IPS Gaming Laptop (8GB/1TB HDD/Windows 10/NVIDIA GTX 1650 4GB GDDR6 Graphics/Onyx Black/2.2Kg), 81Y40183IN  ","₹56,990",4.2,38,https://m.media-amazon.com/images/I/61TlKHyOHLL._AC_UY218_.jpg
237,B095M9T5W5,ASUS,"ASUS Ryzen 5 Hexa Core - (8 GB/512 GB SSD/Windows 10 Home) M515UA-EJ512TS Thin and Light Laptop (15.6 inch, Slate Grey, 1.80 Kg, with MS Office)  ","₹53,690",3.7,4,https://m.media-amazon.com/images/I/31TaSQHnk3S._AC_UY218_.jpg
238,B096KWK1DB,ASUS,"ASUS TUF Dash F15 (2021), 15.6-inch (39.62 cms) FHD 144Hz, Intel Core i5-11300H 11th Gen, RTX 3050 4GB Graphics Gaming Laptop (8GB RAM/512GB SSD/Windows 10/White/2 kg), FX516PC-HN057T  ","₹74,990",3.2,6,https://m.media-amazon.com/images/I/81mLxU0CcAL._AC_UY218_.jpg
239,B07LB4XRWC,Dell,"(Renewed) Dell Latitude Intel 2nd Gen Core i5 14-Inch (35.56 cms) 1366x768 Laptop (8 GB/500 GB/Windows 7/Intel Integrated Graphics/Greyish Silver/2.40 Kg), E6420-i5-8 GB-500 GB  ","₹28,990",2.8,7,https://m.media-amazon.com/images/I/61B51ldAMWL._AC_UY218_.jpg
240,B083C9RDCW,Lenovo,"Lenovo V145-AMD-A6 15.6 inch HD Laptop (4GB RAM/ 1TB HDD/ Windows 10 Home/ Black/ 2.1 kg), 81MTA000IH  ","₹28,990",3.4,167,https://m.media-amazon.com/images/I/71-La7HQx8L._AC_UY218_.jpg
241,B09DGCZXQB,HP,"HP Pavilion 15 Ryzen 5 15.6-inch (39.6 cms) Thin & Light FHD Laptop (8GB/512GB SSD/Windows 10/MS Office/Natural Silver/1.75 kg), 15-eh1101AU  ","₹60,990",5.0,2,https://m.media-amazon.com/images/I/61LzPiqjg-L._AC_UY218_.jpg
242,B08N5VSQNG,2020,"2020 Apple MacBook Pro (13.3-inch/33.78 cm, Apple M1 chip with 8‑core CPU and 8‑core GPU, 8GB RAM, 256GB SSD) - Space Grey  ","₹1,12,990",4.7,935,https://m.media-amazon.com/images/I/71an9eiBxpL._AC_UY218_.jpg
243,B096SKFBCF,Lenovo,"Lenovo IdeaPad Slim 3 (2021) | AMD Ryzen 5 |14"" FHD IPS |Thin and Light Laptop | 4-Side Narrow Bezel (8GB/512GB SSD/Win10/MS Office 2019/Backlit KB/Fingerprint Reader/Arctic Grey/1.41Kg), 82KT00BXIN  ","₹56,500",4.5,134,https://m.media-amazon.com/images/I/61XJ6xrICAL._AC_UY218_.jpg
